{
  "id": "2665929",
  "name": "myicon",
  "font_family": "iconfont",
  "css_prefix_text": "icon-",
  "description": "",
  "glyphs": [
    {
      "icon_id": "77816",
      "name": "导出EXCEL",
      "font_class": "daochuexcel",
      "unicode": "e6c3",
      "unicode_decimal": 59075
    },
    {
      "icon_id": "587297",
      "name": "告警",
      "font_class": "gaojing",
      "unicode": "e661",
      "unicode_decimal": 58977
    },
    {
      "icon_id": "872702",
      "name": "趋势",
      "font_class": "qushi",
      "unicode": "e662",
      "unicode_decimal": 58978
    },
    {
      "icon_id": "1181181",
      "name": "工具",
      "font_class": "gongju",
      "unicode": "e6ad",
      "unicode_decimal": 59053
    },
    {
      "icon_id": "1265789",
      "name": "展示",
      "font_class": "zhanshi",
      "unicode": "e645",
      "unicode_decimal": 58949
    },
    {
      "icon_id": "1298493",
      "name": "容量",
      "font_class": "rongliang",
      "unicode": "e64e",
      "unicode_decimal": 58958
    },
    {
      "icon_id": "1330741",
      "name": "会员发展趋势",
      "font_class": "huiyuanfazhanqushi",
      "unicode": "e614",
      "unicode_decimal": 58900
    },
    {
      "icon_id": "1411032",
      "name": "3趋势",
      "font_class": "qushi1",
      "unicode": "e61f",
      "unicode_decimal": 58911
    },
    {
      "icon_id": "1745609",
      "name": "下载",
      "font_class": "xiazai",
      "unicode": "e610",
      "unicode_decimal": 58896
    },
    {
      "icon_id": "1916543",
      "name": "监控台",
      "font_class": "monitor",
      "unicode": "e7de",
      "unicode_decimal": 59358
    },
    {
      "icon_id": "1969919",
      "name": "核心交换机",
      "font_class": "hexinjiaohuanji",
      "unicode": "e67a",
      "unicode_decimal": 59002
    },
    {
      "icon_id": "3457010",
      "name": "电源",
      "font_class": "dianyuan",
      "unicode": "e676",
      "unicode_decimal": 58998
    },
    {
      "icon_id": "4421891",
      "name": "看板",
      "font_class": "kanban",
      "unicode": "e628",
      "unicode_decimal": 58920
    },
    {
      "icon_id": "5767878",
      "name": "告警",
      "font_class": "gaojing1",
      "unicode": "ec35",
      "unicode_decimal": 60469
    },
    {
      "icon_id": "6069946",
      "name": "看板",
      "font_class": "kanban1",
      "unicode": "e61a",
      "unicode_decimal": 58906
    },
    {
      "icon_id": "6241667",
      "name": "设备告警",
      "font_class": "shebeigaojing",
      "unicode": "e629",
      "unicode_decimal": 58921
    },
    {
      "icon_id": "6246291",
      "name": "工具",
      "font_class": "gongju1",
      "unicode": "e648",
      "unicode_decimal": 58952
    },
    {
      "icon_id": "6330916",
      "name": "看板",
      "font_class": "kanban2",
      "unicode": "e6c4",
      "unicode_decimal": 59076
    },
    {
      "icon_id": "6890820",
      "name": "容量",
      "font_class": "rongliang1",
      "unicode": "e66e",
      "unicode_decimal": 58990
    },
    {
      "icon_id": "8872633",
      "name": "下载",
      "font_class": "xiazai1",
      "unicode": "e664",
      "unicode_decimal": 58980
    },
    {
      "icon_id": "9097150",
      "name": "趋势",
      "font_class": "ziyuan",
      "unicode": "e64d",
      "unicode_decimal": 58957
    },
    {
      "icon_id": "10651213",
      "name": "存储",
      "font_class": "cunchu",
      "unicode": "e66d",
      "unicode_decimal": 58989
    },
    {
      "icon_id": "11639719",
      "name": "导出",
      "font_class": "daochu",
      "unicode": "e613",
      "unicode_decimal": 58899
    },
    {
      "icon_id": "11799005",
      "name": "告警管理",
      "font_class": "gaojingguanli",
      "unicode": "e64f",
      "unicode_decimal": 58959
    },
    {
      "icon_id": "11876928",
      "name": "导出Excel",
      "font_class": "daochuExcel",
      "unicode": "e663",
      "unicode_decimal": 58979
    },
    {
      "icon_id": "12717509",
      "name": "定时任务管理",
      "font_class": "dingshirenwuguanli",
      "unicode": "e611",
      "unicode_decimal": 58897
    },
    {
      "icon_id": "12842712",
      "name": "w_趋势",
      "font_class": "w_qushi",
      "unicode": "e66f",
      "unicode_decimal": 58991
    },
    {
      "icon_id": "13030571",
      "name": "下载 (3)",
      "font_class": "xiazai2",
      "unicode": "e67c",
      "unicode_decimal": 59004
    },
    {
      "icon_id": "13924897",
      "name": "展示",
      "font_class": "chanpin",
      "unicode": "e600",
      "unicode_decimal": 58880
    },
    {
      "icon_id": "14061162",
      "name": "工具栏_定时",
      "font_class": "gongjulan_dingshi",
      "unicode": "e62e",
      "unicode_decimal": 58926
    },
    {
      "icon_id": "14499644",
      "name": "设备",
      "font_class": "shebei",
      "unicode": "e601",
      "unicode_decimal": 58881
    },
    {
      "icon_id": "15659294",
      "name": "告警",
      "font_class": "gaojing2",
      "unicode": "e6b7",
      "unicode_decimal": 59063
    },
    {
      "icon_id": "15797481",
      "name": "下载",
      "font_class": "xiazai3",
      "unicode": "e665",
      "unicode_decimal": 58981
    },
    {
      "icon_id": "16265772",
      "name": "下载",
      "font_class": "xiazai4",
      "unicode": "e64c",
      "unicode_decimal": 58956
    },
    {
      "icon_id": "16666469",
      "name": "展示",
      "font_class": "zhanshi1",
      "unicode": "e68c",
      "unicode_decimal": 59020
    },
    {
      "icon_id": "16808980",
      "name": "传输_上传",
      "font_class": "shangchuan",
      "unicode": "e695",
      "unicode_decimal": 59029
    },
    {
      "icon_id": "17923948",
      "name": "告警",
      "font_class": "gaojing3",
      "unicode": "e605",
      "unicode_decimal": 58885
    },
    {
      "icon_id": "19335035",
      "name": "展示",
      "font_class": "zhanshi2",
      "unicode": "e612",
      "unicode_decimal": 58898
    },
    {
      "icon_id": "19643818",
      "name": "展 开",
      "font_class": "zhankai",
      "unicode": "e67d",
      "unicode_decimal": 59005
    },
    {
      "icon_id": "19813566",
      "name": "告警",
      "font_class": "gaojing4",
      "unicode": "e61b",
      "unicode_decimal": 58907
    },
    {
      "icon_id": "19820126",
      "name": "上 传",
      "font_class": "shangchuan1",
      "unicode": "e74d",
      "unicode_decimal": 59213
    },
    {
      "icon_id": "20850861",
      "name": "请创建目录或看板",
      "font_class": "qingchuangjianmuluhuokanban",
      "unicode": "e650",
      "unicode_decimal": 58960
    },
    {
      "icon_id": "21053747",
      "name": "SAN设备",
      "font_class": "SANshebei",
      "unicode": "e67e",
      "unicode_decimal": 59006
    },
    {
      "icon_id": "21053758",
      "name": "NAS设备",
      "font_class": "NASshebei",
      "unicode": "e67f",
      "unicode_decimal": 59007
    },
    {
      "icon_id": "21959384",
      "name": "上 传",
      "font_class": "shangchuan2",
      "unicode": "e615",
      "unicode_decimal": 58901
    },
    {
      "icon_id": "21992443",
      "name": "展 开",
      "font_class": "zhankai1",
      "unicode": "e744",
      "unicode_decimal": 59204
    }
  ]
}
